gamma_mean,t_stat,n_months
0.0009063558754388786,0.21757528806039186,301
