gamma_mean,t_stat,n_months
0.00544008062651101,2.346275721629052,301
